{"cameraMode":{"drawMode":0,"name":"Shaded","section":"Shading Mode"},"sceneLighting":false,"audioPlay":false,"sceneViewState":{"showFog":true,"showMaterialUpdate":true,"showSkybox":false,"showFlares":true,"showImageEffects":true,"showParticleSystems":true},"in2DMode":false,"pivot":{"x":122.5,"y":0.5420000553131104,"z":-0.18505829572677613},"rotation":{"x":0.2509908974170685,"y":-0.6647706031799316,"z":0.2543281614780426,"w":0.6560494899749756},"size":3.4216785430908205,"orthographic":false}