{"cameraMode":{"drawMode":0,"name":"Shaded","section":"Shading Mode"},"sceneLighting":false,"audioPlay":false,"sceneViewState":{"showFog":true,"showMaterialUpdate":true,"showSkybox":false,"showFlares":true,"showImageEffects":true,"showParticleSystems":true},"in2DMode":false,"pivot":{"x":125.69000244140625,"y":0.6370000839233398,"z":-1.1749999523162842},"rotation":{"x":-0.5461586117744446,"y":-0.00955208670347929,"z":0.006227871868759394,"w":-0.8376042246818543},"size":2.8578836917877199,"orthographic":false}