{"cameraMode":{"drawMode":0,"name":"Shaded","section":"Shading Mode"},"sceneLighting":false,"audioPlay":false,"sceneViewState":{"showFog":true,"showMaterialUpdate":true,"showSkybox":false,"showFlares":true,"showImageEffects":true,"showParticleSystems":true},"in2DMode":false,"pivot":{"x":77.44647216796875,"y":0.5420000553131104,"z":7.278068542480469},"rotation":{"x":0.08465816080570221,"y":-0.8759225010871887,"z":0.44473713636398318,"w":0.16673842072486878},"size":5.216497421264648,"orthographic":false}