{"cameraMode":{"drawMode":0,"name":"Shaded","section":"Shading Mode"},"sceneLighting":false,"audioPlay":false,"sceneViewState":{"showFog":true,"showMaterialUpdate":true,"showSkybox":false,"showFlares":true,"showImageEffects":true,"showParticleSystems":true},"in2DMode":false,"pivot":{"x":3.030397891998291,"y":-0.0611114501953125,"z":2.328645706176758},"rotation":{"x":0.45989638566970827,"y":-0.007991584949195385,"z":0.0041396962478756908,"w":0.8879269957542419},"size":33.187950134277347,"orthographic":false}