{"cameraMode":{"drawMode":0,"name":"Shaded","section":"Shading Mode"},"sceneLighting":false,"audioPlay":false,"sceneViewState":{"showFog":true,"showMaterialUpdate":true,"showSkybox":true,"showFlares":true,"showImageEffects":true,"showParticleSystems":true},"in2DMode":false,"pivot":{"x":91.94640350341797,"y":2.3829193115234377,"z":1.3545541763305665},"rotation":{"x":-0.3777051270008087,"y":0.04941628500819206,"z":-0.020192468538880349,"w":-0.9243858456611633},"size":16.175777435302736,"orthographic":false}