{"cameraMode":{"drawMode":0,"name":"Shaded","section":"Shading Mode"},"sceneLighting":false,"audioPlay":false,"sceneViewState":{"showFog":true,"showMaterialUpdate":true,"showSkybox":false,"showFlares":true,"showImageEffects":true,"showParticleSystems":true},"in2DMode":false,"pivot":{"x":118.08999633789063,"y":-0.44999995827674868,"z":-40.91999816894531},"rotation":{"x":-0.5586630702018738,"y":0.009202839806675911,"z":-0.006199972238391638,"w":-0.8293204307556152},"size":30.72610855102539,"orthographic":false}