{"cameraMode":{"drawMode":0,"name":"Shaded","section":"Shading Mode"},"sceneLighting":false,"audioPlay":false,"sceneViewState":{"showFog":true,"showMaterialUpdate":true,"showSkybox":false,"showFlares":true,"showImageEffects":true,"showParticleSystems":true},"in2DMode":false,"pivot":{"x":120.37999725341797,"y":-0.44999995827674868,"z":-36.70000076293945},"rotation":{"x":-0.5586630702018738,"y":0.009202839806675911,"z":-0.006199972238391638,"w":-0.8293204307556152},"size":4.274253845214844,"orthographic":false}