{"cameraMode":{"drawMode":0,"name":"Shaded","section":"Shading Mode"},"sceneLighting":false,"audioPlay":false,"sceneViewState":{"showFog":true,"showMaterialUpdate":true,"showSkybox":false,"showFlares":true,"showImageEffects":true,"showParticleSystems":true},"in2DMode":false,"pivot":{"x":-46.98687744140625,"y":0.5419998168945313,"z":0.9280757904052734},"rotation":{"x":-0.6381261348724365,"y":-0.021933648735284807,"z":0.018190883100032808,"w":-0.769404411315918},"size":207.037353515625,"orthographic":false}