{"cameraMode":{"drawMode":0,"name":"Shaded","section":"Shading Mode"},"sceneLighting":false,"audioPlay":false,"sceneViewState":{"showFog":true,"showMaterialUpdate":true,"showSkybox":false,"showFlares":true,"showImageEffects":true,"showParticleSystems":true},"in2DMode":false,"pivot":{"x":0.0,"y":0.6370000243186951,"z":-1.1749999523162842},"rotation":{"x":-0.3436528444290161,"y":-0.15341304242610932,"z":0.057012319564819339,"w":-0.9247252345085144},"size":2.72124981880188,"orthographic":false}