{"cameraMode":{"drawMode":0,"name":"Shaded","section":"Shading Mode"},"sceneLighting":false,"audioPlay":false,"sceneViewState":{"showFog":true,"showMaterialUpdate":true,"showSkybox":false,"showFlares":true,"showImageEffects":true,"showParticleSystems":true},"in2DMode":false,"pivot":{"x":102.54158782958985,"y":-3.7378082275390627,"z":5.774957656860352},"rotation":{"x":-0.6012727618217468,"y":0.019648369401693345,"z":-0.01479297410696745,"w":-0.7986652851104736},"size":33.88401794433594,"orthographic":false}