{"cameraMode":{"drawMode":0,"name":"Shaded","section":"Shading Mode"},"sceneLighting":false,"audioPlay":false,"sceneViewState":{"showFog":true,"showMaterialUpdate":true,"showSkybox":false,"showFlares":true,"showImageEffects":true,"showParticleSystems":true},"in2DMode":false,"pivot":{"x":113.0999984741211,"y":1.7160000801086426,"z":-4.967319011688232},"rotation":{"x":-0.4193141758441925,"y":-0.09851328283548355,"z":0.04836752265691757,"w":-0.9011833071708679},"size":3.7503514289855959,"orthographic":false}