{"cameraMode":{"drawMode":0,"name":"Shaded","section":"Shading Mode"},"sceneLighting":false,"audioPlay":false,"sceneViewState":{"showFog":true,"showMaterialUpdate":true,"showSkybox":false,"showFlares":true,"showImageEffects":true,"showParticleSystems":true},"in2DMode":false,"pivot":{"x":112.58340454101563,"y":0.8399999737739563,"z":1.5260000228881837},"rotation":{"x":-0.4198055863380432,"y":-0.33948183059692385,"z":0.17300617694854737,"w":-0.8237622380256653},"size":5.977400302886963,"orthographic":false}